Description,ASIN,Product Description,Manufacturer
,B07CJCGM1M,"American Tourister 32 Ltrs Black Casual Backpack (AMT FIZZ SCH BAG 02 - BLACK)4.04.0 out of 5 stars(52,313)Deal of the Day₹1,199₹1,199₹2,300₹2,300(48% off)Get it byTomorrow, 22 MarchFREE Delivery by Amazon",4.04.0 out of 5 stars
,B084JGJ8PF,"Wesley Milestone 2.0 Casual Waterproof Laptop Backpack/Office Bag/School Bag/College Bag/Business Bag/Travel Backpack (Dimensions:13x18 inches) (Compatible with 39.62cm(15.6inch laptop) 30 L (Blue & black)4.34.3 out of 5 stars(9,817)₹565₹565₹1,199₹1,199(53% off)Get it byThursday, 23 MarchFREE Delivery by Amazon",4.34.3 out of 5 stars
,B09TPX22NF,"ADISA 15.6 inch Laptop Backpack Office Bag College Travel Back Pack 32 Ltrs (z-Navy Blue)3.83.8 out of 5 stars(567)Limited time deal₹499₹499₹1,799₹1,799(72% off)Get it byTomorrow, 22 MarchFREE Delivery by Amazon",3.83.8 out of 5 stars
,B07CJCGM1M,"American Tourister 32 Ltrs Black Casual Backpack (AMT FIZZ SCH BAG 02 - BLACK)4.04.0 out of 5 stars(52,313)Deal of the Day₹1,199₹1,199₹2,300₹2,300(48% off)Get it byTomorrow, 22 MarchFREE Delivery by Amazon",4.04.0 out of 5 stars
,B0BTD4FK9G,"American Tourister VALEX BLUE LAPTOP BACKPACK 28 Ltrs,Volume, LAPTOP COMPARTMENT, BOTTLE POCKET, FRONT ORGANIZER4.14.1 out of 5 stars(8)Deal of the Day₹1,299₹1,299₹2,500₹2,500(48% off)FREE Delivery by Amazon",4.14.1 out of 5 stars
,B07CJCFNZG,"American Tourister Casual Backpack4.14.1 out of 5 stars(14,468)₹1,139₹1,139-₹1,249₹1,249FREE Delivery",4.14.1 out of 5 stars
,B0BTD4S4XF,"American Tourister VALEX BLACK LAPTOP BACKPACK 28 Ltrs,Volume, LAPTOP COMPARTMENT, BOTTLE POCKET, FRONT ORGANIZER4.14.1 out of 5 stars(8)Deal of the Day₹1,299₹1,299₹2,500₹2,500(48% off)FREE Delivery by Amazon",4.14.1 out of 5 stars
,B0B3HV8JZK,"American Tourister Ivy Spinner Polypropylene (PP) 77 Cm Large Sea Green Check-in Hard Luggage with TSA Lock Check-in4.14.1 out of 5 stars(151)Deal of the Day₹3,999₹3,999₹8,800₹8,800(55% off)FREE Delivery by Amazon",4.14.1 out of 5 stars
,,Top rated: Made for AmazonAmazon’s private and select curated brandsSee more,Amazon’s private and select curated brands
,B07HLYW3FF,"+24Blue Tree 10 Ltrs ( Cms)Backpack(Bluetree_Backpacks_034_Multi Colour)4.04.0 out of 5 stars(1,058)Deal of the Day₹288₹288₹599₹599(52% off)",
,B09SB42QFQ,"MosQuick® Clear large Drawstring Bags Clear Plastic Travel Bags, Travel Garments Organizing Storage Plastic Bags ,Shoe bags , Stationery Bag,multipurpose bag - Translucent4.24.2 out of 5 stars(50)₹324₹324-₹439₹439",4.24.2 out of 5 stars
,B08WWG91Q3,Blue Tree Kids School Bag Soft Plush Backpack Combo Cartoon Bags Mini Travel Bag for for Girls Boys Toddler Baby (Pack of 2)4.04.0 out of 5 stars(4)₹435₹435₹999₹999(56% off),4.04.0 out of 5 stars
,B09H3H3898,blue tree 10 ltrs (5 Cms)Backpack(Rider01_Yellow)4.04.0 out of 5 stars(68)₹288₹288₹499₹499(42% off),4.04.0 out of 5 stars
,B08WWTHLTF,Blue Tree Kids School Bag Soft Plush Backpack Combo Cartoon Bags Mini Travel Bag for for Girls Boys Toddler Baby (Pack of 2)5.05.0 out of 5 stars(1)₹435₹435₹699₹699(38% off),5.05.0 out of 5 stars
,B097NJV1WY,"Blue Tree Kids School Bag Soft Plush Backpack Cartoon Bags Mini Travel Bag for for Girls Boys Toddler Baby Cute Dog & Shark4.64.6 out of 5 stars(12)Deal of the Day₹435₹435₹1,499₹1,499(71% off)",4.64.6 out of 5 stars
,B07XJHP2C7,"Blue Tree Velvet Kids School/Nursery/Picnic/Carry/Travelling Bag - 2 to 5 Age (Yellow_Blue School Bag)4.04.0 out of 5 stars(1,480)Deal of the Day₹288₹288₹499₹499(42% off)",4.04.0 out of 5 stars
,B084DPRRRR,Amazon Brand - Solimo Polyester Duffel Gym Bag with Shoe Compartment4.24.2 out of 5 stars(101)₹549₹549,
,B097RJ22Q3,"Lavie Sport Lino Large Size 63 cms Wheel Duffle Bag for Travel | Travel Bag with Trolley3.93.9 out of 5 stars(6,308)Limited time deal₹949₹949₹3,895₹3,895(76% off)FREE Delivery by Amazon",3.93.9 out of 5 stars
,B08Z1HHHTD,"Skybags Brat Black 46 Cms Casual Backpack4.14.1 out of 5 stars(3,778)₹659₹659₹2,100₹2,100(69% off)FREE Delivery by Amazon",4.14.1 out of 5 stars
,B085MHDJ93,"Half Moon 35 L Waterproof Laptop College School Office Bag Backpack for Men Women Boys Girls with 15.6 inch Padded Laptop Compartment & Rain Cover (Navy_Blue)3.93.9 out of 5 stars(15,254)Deal of the Day₹689₹689₹1,799₹1,799(62% off)₹30 coupon applied at checkoutSave ₹30with couponFREE Delivery by Amazon",3.93.9 out of 5 stars
,B07Q7CNPMV,"SAFARI 15 Ltrs Sea Blue Casual/School/College Backpack (DAYPACKNEO15CBSEB)4.04.0 out of 5 stars(18,019)Deal of the Day₹299₹299₹799₹799(63% off)FREE Delivery by Amazon",4.04.0 out of 5 stars
,B019HA8AYG,"Gear CarryOn 16L Foldable Water Resistant School Bag//Backpack/College Bag for Men/Women - Blue Black3.73.7 out of 5 stars(6,058)₹214₹214₹498₹498(57% off)FREE Delivery by Amazon",3.73.7 out of 5 stars
,B0BLVQ9NTD,"Half Moon Strike 35L Unisex Spacious School/Laptop/College/Office Travel Backpack Bag for Men Women Boys & Girls with 15.6 inch Padded Laptop Compartment & Multiple Pockets3.73.7 out of 5 stars(116)Deal of the Day₹699₹699₹2,599₹2,599(73% off)₹20 coupon applied at checkoutSave ₹20with coupon (limited sizes/colours)FREE Delivery by Amazon",3.73.7 out of 5 stars
,B0BTD4FK9G,"American Tourister VALEX BLUE LAPTOP BACKPACK 28 Ltrs,Volume, LAPTOP COMPARTMENT, BOTTLE POCKET, FRONT ORGANIZER4.14.1 out of 5 stars(8)Deal of the Day₹1,299₹1,299₹2,500₹2,500(48% off)FREE Delivery by Amazon",4.14.1 out of 5 stars
,,Recommended articleWritten byiDiva·Earns commissions,Written by
,B0BJ32LQ6X,"Half Moon Large 37L Laptop Bag Backpack for menं Women Boys and Girls Luggage Travel Bags with 17.3 inches Laptop Compartment & Rain Cover3.93.9 out of 5 stars(2,343)Deal of the Day₹849₹849₹2,899₹2,899(71% off)FREE Delivery by Amazon",3.93.9 out of 5 stars
,B09VTCNN75,"FUR JADEN Anti Theft Number Lock Backpack Bag with 15.6 Inch Laptop Compartment, USB Charging Port & Organizer Pocket for Men Women Boys Girls3.93.9 out of 5 stars(3,128)Limited time deal₹689₹689₹2,000₹2,000(66% off)FREE Delivery by Amazon",3.93.9 out of 5 stars
,B088XB5XY8,"Mi Step Out 12 L Mini Backpack (Small Size, Black, Water Repellant)4.14.1 out of 5 stars(8,164)₹398₹398₹499₹499(20% off)Get it byTomorrow, 22 MarchFREE Delivery by Amazon",4.14.1 out of 5 stars
,B07G4F6XFH,"Gear Classic 20L Faux Leather Water Resistant Anti Theft Laptop Bag/Backpack for Men/Women-Brown4.44.4 out of 5 stars(5,456)₹1,075₹1,075₹1,999₹1,999(46% off)FREE Delivery by Amazon",4.44.4 out of 5 stars
,B09B25Z8M2,"Safari Quill Laptop Backpack 26 Ltrs Water Resistant Fabric - Black, L (QUILL19CBBLK)3.93.9 out of 5 stars(719)Deal of the Day₹799₹799₹2,899₹2,899(72% off)FREE Delivery by Amazon",3.93.9 out of 5 stars
,B07F3X45WZ,"ADISA Light Weight Laptop Backpack 32 Ltrs4.04.0 out of 5 stars(5,651)₹499₹499FREE Delivery",4.04.0 out of 5 stars
